country,title,published_at,source
Nepal,Everest climbers reach summit in record time today,2024-05-20T10:00:00Z,Kathmandu Post
Nepal,New hydropower plant opens in western district,2024-05-20T14:30:00Z,Nepal News
India,Tech stocks rally as market opens in Mumbai,2024-05-20T09:00:00Z,The Hindu
India,Monsoon rains expected to hit Kerala coast early,2024-05-20T11:00:00Z,Times of India
India,World Cup: India vs Australia final highlights,2024-05-20T15:00:00Z,Sports Daily
USA,SpaceX launches latest satellite batch from Cape Canaveral,2024-05-20T08:00:00Z,Reuters
USA,World Cup: India vs Australia final highlights,2024-05-20T15:10:00Z,CNN
UK,London weather: Unusually warm weekend ahead for residents,2024-05-20T07:00:00Z,BBC News
UK,UK economy shows signs of steady growth in Q1,2024-05-19T22:00:00Z,The Guardian
Australia,Great Barrier Reef health improves according to latest study,2024-05-20T12:00:00Z,ABC News
Australia,World Cup: India vs Australia final highlights,2024-05-20T15:05:00Z,Sydney Morning Herald
